"Priority","Organization","Project","Type","Subsidy","Matching","Total","Start_date","End_date","State","Region","Geocoding_round","county","city_name","postal_code","lat_coords","long_coords","county","city_name","postal_code","lat_coords","long_coords","county","city_name","postal_code","lat_coords","long_coords","county","city_name","postal_code","lat_coords","long_coords"
"P3","Assynt Foundation","Glencanisp Lodge Redevelopment","ERDF","231221","N/A","1389543","N/A","N/A","Scotland","Highland and Islands","Second","Sutherland","Lairg","IV27 4LW","58.1476532","-5.202719","","","","","","","","","","","","","","",""
"P3","Voluntary Action Lewis","Lewis Social Business Campus - Phase1","ERDF","25000","N/A","148500","N/A","N/A","Scotland","Highland and Islands","Second","South Ayrshire","Ayr","KA8 8AG","55.4683371","-4.6328353","","","","","","","","","","","","","","",""
"P1","Shetland Islands Council","Promoting Business Energy Efficiency in Shetland","ERDF","266700","N/A","666700","N/A","N/A","Scotland","Highland and Islands","First","Shetland Islands","Shetland","ZE1 0LZ","60.1589445","-1.1462202","","","","","","","","","","","","","","",""
"P3","Shetland College","Shetland College Extension - Phase 3","ERDF","1809000","N/A","4622500","N/A","N/A","Scotland","Highland and Islands","First","Shetland Islands","Shetland","ZE1 0PX","60.1702111","-1.1647376","","","","","","","","","","","","","","",""
"P3","Shetland Islands Council","Fetlar Berthing Facility","ERDF","300000","N/A","1200000","N/A","N/A","Scotland","Highland and Islands","First","Shetland Islands","Shetland","ZE1 0LZ","60.1589445","-1.1462202","","","","","","","","","","","","","","",""
"P3","Shetland Islands Council","Skerries South Mouth Dredging","ERDF","51034","N/A","241684","N/A","N/A","Scotland","Highland and Islands","First","Shetland Islands","Shetland","ZE1 0LZ","60.1589445","-1.1462202","","","","","","","","","","","","","","",""
"P3","Shetland Islands Council","Shetland Fibre Optic Network","ERDF","367500","N/A","1470000","N/A","N/A","Scotland","Highland and Islands","First","Shetland Islands","Shetland","ZE1 0LZ","60.1589445","-1.1462202","","","","","","","","","","","","","","",""
"P3","Shetland Islands Council","Walls Pier Developments, Shetland","ERDF","94086","N/A","431586","N/A","N/A","Scotland","Highland and Islands","First","Shetland Islands","Shetland","ZE1 0LZ","60.1589445","-1.1462202","","","","","","","","","","","","","","",""
"P3","Shetland Islands Council","Shetland's Community Transport Scheme","ERDF","17865","N/A","44663","N/A","N/A","Scotland","Highland and Islands","First","Shetland Islands","Shetland","ZE1 0LZ","60.1589445","-1.1462202","","","","","","","","","","","","","","",""
"P1","Lerwick Port Authority","Rova Head laydown sites","ERDF","515315","N/A","1288288","N/A","N/A","Scotland","Highland and Islands","First","Shetland Islands","Shetland","ZE1 0LL","60.155155","-1.1434003","","","","","","","","","","","","","","",""
"P3","Hjaltland Housing Association Ltd","Low Carbon Shetland - Energy Efficiency","ERDF","639667","N/A","1622449","N/A","N/A","Scotland","Highland and Islands","Second","Shetland Islands","Shetland","ZE1 0LR","60.1561426","-1.1451992","","","","","","","","","","","","","","",""
"P1","Skills Development Scotland","Skills for Growth - H&I","ERDF","40820","N/A","102049","N/A","N/A","Scotland","Highland and Islands","Second","Scottish Borders","Galashiels","TD1 1QA","55.6221714","-2.8210352","","","","","","","","","","","","","","",""
"P2","University of the Highlands and Islands","UHI SDB Plan ERDF Phase 2","ERDF","3500000","N/A","8750000","N/A","N/A","Scotland","Highland and Islands","First","Perth and Kinross","Perth","PH1","56.4063083","-3.4626449","","","","","","","","","","","","","","",""
"P2","University of the Highlands and Islands","UHI SDB Plan - ERDF Revenue","ERDF","2469977","N/A","6084574","N/A","N/A","Scotland","Highland and Islands","First","Perth and Kinross","Perth","PH1","56.4063083","-3.4626449","","","","","","","","","","","","","","",""
"P2","University of the Highlands and Islands","UHI SDB Plan - ERDF Capital","ERDF","9456554","N/A","23641392","N/A","N/A","Scotland","Highland and Islands","First","Perth and Kinross","Perth","PH1","56.4063083","-3.4626449","","","","","","","","","","","","","","",""
"P2","Orkney College","Marine & Environmental Archaeology in the H&I","ERDF","214800","N/A","537000","N/A","N/A","Scotland","Highland and Islands","First","Orkney","Kirkwall","KW15 1HZ","58.9846963","-2.9507522","","","","","","","","","","","","","","",""
"P1","Orkney Islands Council","Enterprise Area - Hatston","ERDF","840000","N/A","2100000","N/A","N/A","Scotland","Highland and Islands","Second","Orkney","Kirkwall","KW15 1JG","58.9811567","-2.9569682","","","","","","","","","","","","","","",""
"P1","Orkney Islands Council","Orkney Marine Renewables Infrastructure - Hatston and VTS","ERDF","3360000","N/A","8400000","N/A","N/A","Scotland","Highland and Islands","Second","Orkney","Kirkwall","KW15 1JG","58.9811567","-2.9569682","","","","","","","","","","","","","","",""
"P1","Orkney Islands Council","Stromness - Marine Renewables Service Base","ERDF","1815000","N/A","9200000","N/A","N/A","Scotland","Highland and Islands","Second","Orkney","Kirkwall","KW15 1JG","58.9811567","-2.9569682","","","","","","","","","","","","","","",""
"P1","Orkney Islands Council","Lyness Marine Renewables Facility - Hoy","ERDF","1190000","N/A","2975000","N/A","N/A","Scotland","Highland and Islands","Second","Orkney","Kirkwall","KW15 1JG","58.9811567","-2.9569682","","","","","","","","","","","","","","",""
"P2","Orkney Islands Council","Scapa Flow Wartime Trail","ERDF","262990","N/A","824069","N/A","N/A","Scotland","Highland and Islands","Second","Orkney","Kirkwall","KW15 1JG","58.9811567","-2.9569682","","","","","","","","","","","","","","",""
"P2","Orkney Islands Council","The Orkney Theatre","ERDF","1104472","N/A","2761182","N/A","N/A","Scotland","Highland and Islands","Second","Orkney","Kirkwall","KW15 1JG","58.9811567","-2.9569682","","","","","","","","","","","","","","",""
"P3","Orkney Islands Council","Town Heritage Initiative - Commercial Hotel Restoration","ERDF","388000","N/A","1043252","N/A","N/A","Scotland","Highland and Islands","Second","Orkney","Kirkwall","KW15 1JG","58.9811567","-2.9569682","","","","","","","","","","","","","","",""
"P3","Orkney Islands Council","Air Service Enhancement to North Ronaldsay","ERDF","92498","N/A","231244","N/A","N/A","Scotland","Highland and Islands","Second","Orkney","Kirkwall","KW15 1JG","58.9811567","-2.9569682","","","","","","","","","","","","","","",""
"P3","Orkney Islands Council","Additional Summer Sailings to islands of Hoy and Flotta","ERDF","61456","N/A","153638","N/A","N/A","Scotland","Highland and Islands","Second","Orkney","Kirkwall","KW15 1JG","58.9811567","-2.9569682","","","","","","","","","","","","","","",""
"P3","Orkney Islands Council","Energy Efficiency in Social Housing - Orkney","ERDF","320453","N/A","801132","N/A","N/A","Scotland","Highland and Islands","Second","Orkney","Kirkwall","KW15 1JG","58.9811567","-2.9569682","","","","","","","","","","","","","","",""
"P3","North Ayrshire Council","Arran Transport Infrastructure - ACSII North Ayrshire CPP","ERDF","148500","N/A","598500","N/A","N/A","Scotland","Highland and Islands","First","North Ayrshire","Isle of Cumbrae","KA28","55.7535865","-4.9286167","","","","","","","","","","","","","","",""
"P3","North Ayrshire Council","Cumbrae Transport Infrastructure - ACSII North Ayrshire CPP","ERDF","25173","N/A","110218","N/A","N/A","Scotland","Highland and Islands","First","North Ayrshire","Isle of Cumbrae","KA28","55.7535865","-4.9286167","","","","","","","","","","","","","","",""
"P1","Comhairle nan Eilean Siar","Connected Hebrides Project","ERDF","160000","N/A","400000","N/A","N/A","Scotland","Highland and Islands","First","Na h-Eileanan an Iar","Stornoway","HS1","58.2083526","-6.3695006","","","","","","","","","","","","","","",""
"P1","Comhairle nan Eilean Siar","Outer Hebrides Small Business Assistance Scheme","ERDF","336000","N/A","840000","N/A","N/A","Scotland","Highland and Islands","First","Na h-Eileanan an Iar","Stornoway","HS1","58.2083526","-6.3695006","","","","","","","","","","","","","","",""
"P1","Comhairle nan Eilean Siar","Creative Industries and Media Centre - Stornoway","ERDF","1040000","N/A","2600000","N/A","N/A","Scotland","Highland and Islands","First","Na h-Eileanan an Iar","Stornoway","HS1","58.2083526","-6.3695006","","","","","","","","","","","","","","",""
"P1","Comhairle nan Eilean Siar","Business GatewayPlus","ERDF","60000","N/A","150000","N/A","N/A","Scotland","Highland and Islands","First","Na h-Eileanan an Iar","Stornoway","HS1","58.2083526","-6.3695006","","","","","","","","","","","","","","",""
"P2","Comhairle nan Eilean Siar","Lews Castle Museum & Archive - Revised","ERDF","1800000","N/A","6660000","N/A","N/A","Scotland","Highland and Islands","First","Na h-Eileanan an Iar","Stornoway","HS1","58.2083526","-6.3695006","","","","","","","","","","","","","","",""
"P2","Comhairle nan Eilean Siar","Scotland's Islands","ERDF","432951","N/A","962631","N/A","N/A","Scotland","Highland and Islands","First","Na h-Eileanan an Iar","Stornoway","HS1","58.2083526","-6.3695006","","","","","","","","","","","","","","",""
"P2","Comhairle nan Eilean Siar","Hebridean Archiving","ERDF","155435","N/A","345413","N/A","N/A","Scotland","Highland and Islands","First","Na h-Eileanan an Iar","Stornoway","HS1","58.2083526","-6.3695006","","","","","","","","","","","","","","",""
"P3","Comhairle nan Eilean Siar","Roads to Communities: B8011 Gisla to Enaclete Improvement","ERDF","479125","N/A","3372525","N/A","N/A","Scotland","Highland and Islands","First","Na h-Eileanan an Iar","Stornoway","HS1","58.2083526","-6.3695006","","","","","","","","","","","","","","",""
"P3","Comhairle nan Eilean Siar","Roads to Communities: Doune Carloway to Kirivik Improvement","ERDF","223975","N/A","895900","N/A","N/A","Scotland","Highland and Islands","First","Na h-Eileanan an Iar","Stornoway","HS1","58.2083526","-6.3695006","","","","","","","","","","","","","","",""
"P3","Comhairle nan Eilean Siar","A865 Spinal Route Improvements - North/South Uist","ERDF","500000","N/A","2009884","N/A","N/A","Scotland","Highland and Islands","First","Na h-Eileanan an Iar","Stornoway","HS1","58.2083526","-6.3695006","","","","","","","","","","","","","","",""
"P3","Comhairle nan Eilean Siar","A859 Spinal Route Road Improvements - Harris","ERDF","500000","N/A","2261753","N/A","N/A","Scotland","Highland and Islands","First","Na h-Eileanan an Iar","Stornoway","HS1","58.2083526","-6.3695006","","","","","","","","","","","","","","",""
"P3","Comhairle nan Eilean Siar","OHCPP Bhaltos Centre Final","ERDF","448000","N/A","1120000","N/A","N/A","Scotland","Highland and Islands","First","Na h-Eileanan an Iar","Stornoway","HS1","58.2083526","-6.3695006","","","","","","","","","","","","","","",""
"P3","Comhairle nan Eilean Siar","OHCPP - Hebridean Way","ERDF","548148","N/A","1370370","N/A","N/A","Scotland","Highland and Islands","First","Na h-Eileanan an Iar","Stornoway","HS1","58.2083526","-6.3695006","","","","","","","","","","","","","","",""
"P3","Comhairle nan Eilean Siar","Outer Hebrides Community Planning Partnership - An Cotan","ERDF","133964","N/A","297698","N/A","N/A","Scotland","Highland and Islands","First","Na h-Eileanan an Iar","Stornoway","HS1","58.2083526","-6.3695006","","","","","","","","","","","","","","",""
"P3","Comhairle nan Eilean Siar","A859 Spinal Route - Stockinish to Luskentyre Phase 2","ERDF","500000","N/A","2043000","N/A","N/A","Scotland","Highland and Islands","First","Na h-Eileanan an Iar","Stornoway","HS1","58.2083526","-6.3695006","","","","","","","","","","","","","","",""
"P2","Shetland Amenity Trust","Shetland Boat Building Centre","ERDF","121880","N/A","304700","N/A","N/A","Scotland","Highland and Islands","Fourth","Shetland Islands","Shetland","ZE1 0NY","60.1579596","-1.1536678","","","","","","","","","","","","","","",""
"P2","Shetland Amenity Trust","Sumburgh Head Restoration & Development Project","ERDF","1803000","N/A","4091386","N/A","N/A","Scotland","Highland and Islands","Fourth","Shetland Islands","Shetland","ZE1 0NY","60.1579596","-1.1536678","","","","","","","","","","","","","","",""
"P2","Culag Community Woodland Trust Ltd","Little Assynt Access Improvement and Training Project","ERDF","217033","N/A","595842","N/A","N/A","Scotland","Highland and Islands","None","N/A","N/A","N/A","N/A","N/A","","","","","","","","","","","","","","",""
"P2","Shetland Arts Development Agency","Mareel - Shetland's new Music, Cinema and Education Venue","ERDF","3104123","N/A","12209914","N/A","N/A","Scotland","Highland and Islands","None","N/A","N/A","N/A","N/A","N/A","","","","","","","","","","","","","","",""
"P4","European Structural Funds Division","Scottish Government: EPRC Partnership - H&I ERDF","ERDF","3681","N/A","7363","N/A","N/A","Scotland","Highland and Islands","None","N/A","N/A","N/A","N/A","N/A","","","","","","","","","","","","","","",""
"P4","European Structural Funds Division","Evaluation Dundee CPP MI tracking System H&I ERDF","ERDF","900","N/A","1800","N/A","N/A","Scotland","Highland and Islands","None","N/A","N/A","N/A","N/A","N/A","","","","","","","","","","","","","","",""
"P4","European Structural Funds Division","CPP MI System H&I ERDF - Dundee City Council","ERDF","2250","N/A","4500","N/A","N/A","Scotland","Highland and Islands","None","N/A","N/A","N/A","N/A","N/A","","","","","","","","","","","","","","",""
"P4","European Structural Funds Division","Gender Mainstreaming H&I ERDF - GCU","ERDF","3149","N/A","7796","N/A","N/A","Scotland","Highland and Islands","None","N/A","N/A","N/A","N/A","N/A","","","","","","","","","","","","","","",""
"P4","European Structural Funds Division","Social Innovation H&I ERDF - GCU","ERDF","3474","N/A","6948","N/A","N/A","Scotland","Highland and Islands","None","N/A","N/A","N/A","N/A","N/A","","","","","","","","","","","","","","",""
"P4","European Structural Funds Division","H&I ERDF Technical Assistance 2007-2013 (2)","ERDF","2250000","N/A","4500000","N/A","N/A","Scotland","Highland and Islands","None","N/A","N/A","N/A","N/A","N/A","","","","","","","","","","","","","","",""
"P4","European Structural Funds Division","H&I ERDF Technical Assistance 2007-2013","ERDF","1279658","N/A","2559316","N/A","N/A","Scotland","Highland and Islands","None","N/A","N/A","N/A","N/A","N/A","","","","","","","","","","","","","","",""
"P2","The Moray Council","Glenlivet Mountain Bike Trails","ERDF","178466","N/A","446167","N/A","N/A","Scotland","Highland and Islands","Second","Moray","Forres","IV36","57.6498476","-3.3168039","","","","","","","","","","","","","","",""
"P2","The Moray Council","Knockando Woolmill","ERDF","1099289","N/A","2464221","N/A","N/A","Scotland","Highland and Islands","Second","Moray","Forres","IV36","57.6498476","-3.3168039","","","","","","","","","","","","","","",""
"P3","The Moray Council","Dufftown and Rothes Learning Centres","ERDF","108764","N/A","271909","N/A","N/A","Scotland","Highland and Islands","Second","Moray","Forres","IV36","57.6498476","-3.3168039","","","","","","","","","","","","","","",""
"P3","The Moray Council","West Moray Rural Action Plan","ERDF","237495","N/A","593738","N/A","N/A","Scotland","Highland and Islands","Second","Moray","Forres","IV36","57.6498476","-3.3168039","","","","","","","","","","","","","","",""
"P3","Ekopia Resource Exchange Ltd","Whins Eco-Offices","ERDF","60720","N/A","151800","N/A","N/A","Scotland","Highland and Islands","Second","Moray","Forres","IV36","57.659165","-3.6075877","","","","","","","","","","","","","","",""
"P1","Scottish Enterprise","H&I Scottish Co-Investment Fund","ERDF","2057532","N/A","5143829","N/A","N/A","Scotland","Highland and Islands","First","Moray","Forres","IV36 2AB","57.6150653","-3.5722124","","","","","","","","","","","","","","",""
"P1","Scottish Enterprise","Scottish Investment Bank Loan Fund - HIE Area 2010-2","ERDF","2000000","N/A","5000000","N/A","N/A","Scotland","Highland and Islands","First","Moray","Forres","IV36 2AB","57.6150653","-3.5722124","","","","","","","","","","","","","","",""
"P1","Scottish Enterprise","Marine Energy R&D Fund","ERDF","1521331","N/A","3803327","N/A","N/A","Scotland","Highland and Islands","First","Moray","Forres","IV36 2AB","57.6150653","-3.5722124","","","","","","","","","","","","","","",""
"P3","Caledonian Maritime Assets Ltd","Hybrid RORO Ferry","ERDF","369158","N/A","1476633","N/A","N/A","Scotland","Highland and Islands","Second","Inverclyde","Port Glasgow","PA14","55.9352336","-4.6879624","","","","","","","","","","","","","","",""
"P3","Pulteneytown People's Project","Community & Regeneration Centre for Wick","ERDF","875091","N/A","2861258","N/A","N/A","Scotland","Highland and Islands","Second","Highland","Wick","KW1 5BA","58.4347385","-3.0855308","","","","","","","","","","","","","","",""
"P1","SCRABSTER HARBOUR TRUST","Scrabster Harbour Marine Renewable Infastructure","ERDF","2213237","N/A","8852947","N/A","N/A","Scotland","Highland and Islands","First","Highland","Thurso","KW14 7UN","58.6075536","-3.5540047","","","","","","","","","","","","","","",""
"P2","North Highland College","North of Scotland Engineering and Energy Centre","ERDF","3386667","N/A","8466667","N/A","N/A","Scotland","Highland and Islands","First","Highland","Thurso","KW14","58.5834483","-3.5377879","","","","","","","","","","","","","","",""
"P2","Applecross Trust","Applecross Landscape Partnership Scheme","ERDF","168295","N/A","373989","N/A","N/A","Scotland","Highland and Islands","Second","Highland","Strathcarron","IV54 8ND","57.4448577","-5.8133106","","","","","","","","","","","","","","",""
"P2","Applecross Trust","Applecross Landscape Partnership Scheme (Revenue projects)","ERDF","69476","N/A","154390","N/A","N/A","Scotland","Highland and Islands","Second","Highland","Strathcarron","IV54 8ND","57.4448577","-5.8133106","","","","","","","","","","","","","","",""
"P1","The Highland Council","Starter Business Units in Inverness","ERDF","600000","N/A","1500000","N/A","N/A","Scotland","Highland and Islands","First","Highland","Portree","IV51 9BS","57.4124814","-6.1941487","","","","","","","","","","","","","","",""
"P1","The Highland Council","The Highland Council Business Gateway Plus","ERDF","34000","N/A","85000","N/A","N/A","Scotland","Highland and Islands","First","Highland","Portree","IV51 9BS","57.4124814","-6.1941487","","","","","","","","","","","","","","",""
"P2","The Highland Council","Green and Active Travel Improvements","ERDF","224000","N/A","560000","N/A","N/A","Scotland","Highland and Islands","First","Highland","Portree","IV51 9BS","57.4124814","-6.1941487","","","","","","","","","","","","","","",""
"P3","The Highland Council","Vital Highland Roads","ERDF","500000","N/A","2250000","N/A","N/A","Scotland","Highland and Islands","First","Highland","Portree","IV51 9BS","57.4124814","-6.1941487","","","","","","","","","","","","","","",""
"P3","The Highland Council","Sconser Ferry enhancement","ERDF","500000","N/A","2000000","N/A","N/A","Scotland","Highland and Islands","First","Highland","Portree","IV51 9BS","57.4124814","-6.1941487","","","","","","","","","","","","","","",""
"P3","The Highland Council","Locally significant roads – Highland. Improvements to B8007/","ERDF","250000","N/A","1000000","N/A","N/A","Scotland","Highland and Islands","First","Highland","Portree","IV51 9BS","57.4124814","-6.1941487","","","","","","","","","","","","","","",""
"P3","The Highland Council","A855 Portree to Staffin","ERDF","250000","N/A","1114578","N/A","N/A","Scotland","Highland and Islands","First","Highland","Portree","IV51 9BS","57.4124814","-6.1941487","","","","","","","","","","","","","","",""
"P1","Highland Birchwoods","Renewable Heat Advice and Business Support","ERDF","91363","N/A","228407","N/A","N/A","Scotland","Highland and Islands","First","Highland","Munlochy","IV8 8NN","57.5493239","-4.2698772","","","","","","","","","","","","","","",""
"P1","North Lands Creative Glass","North Lands Creative Glass Development Project","ERDF","130000","N/A","325000","N/A","N/A","Scotland","Highland and Islands","First","Highland","Lybster","KW3","58.3093639","-3.2807247","","","","","","","","","","","","","","",""
"P2","Royal Society for the Protection of Birds","Flows to the Future Observatory","ERDF","115335","N/A","256300","N/A","N/A","Scotland","Highland and Islands","Second","Highland","Isle of Skye","IV49 9AB","57.2419003","-5.912388","","","","","","","","","","","","","","",""
"P2","Royal Society for the Protection of Birds","Enjoy Wild Orkney - Revenue","ERDF","177445","N/A","435444","N/A","N/A","Scotland","Highland and Islands","Second","Highland","Isle of Skye","IV49 9AB","57.2419003","-5.912388","","","","","","","","","","","","","","",""
"P2","Royal Society for the Protection of Birds","Enjoy Wild Orkney","ERDF","134181","N/A","300962","N/A","N/A","Scotland","Highland and Islands","Second","Highland","Isle of Skye","IV49 9AB","57.2419003","-5.912388","","","","","","","","","","","","","","",""
"P3","Sabhal Mor Ostaig","Leasachadh Na Cille Bige/ Kilbeg Village - Phase One","ERDF","1908000","N/A","3827026","N/A","N/A","Scotland","Highland and Islands","First","Highland","Isle of Skye","IV44 8RQ","57.0860237","-5.8799656","","","","","","","","","","","","","","",""
"P1","New Start Highland","New Start Highland Enterprise Centre","ERDF","464757","N/A","1161893","N/A","N/A","Scotland","Highland and Islands","Second","Highland","Inverness","IV3 8DU","57.4876539","-4.2434304","","","","","","","","","","","","","","",""
"P2","British Waterways","The Great Glen Canoe Trail","ERDF","270500","N/A","601800","N/A","N/A","Scotland","Highland and Islands","Second","Highland","Inverness","IV3 5LE","57.4820063","-4.2442137","","","","","","","","","","","","","","",""
"P2","Scottish Natural Heritage","Beinn Eighe - Gateway to Wild Wester Ross","ERDF","148500","N/A","330000","N/A","N/A","Scotland","Highland and Islands","Second","Highland","Inverness","IV2 4AG","57.4731786","-4.2240566","","","","","","","","","","","","","","",""
"P2","Scottish Natural Heritage","Opening up the Forbidden Isle","ERDF","88000","N/A","220000","N/A","N/A","Scotland","Highland and Islands","Second","Highland","Inverness","IV2 4AG","57.4731786","-4.2240566","","","","","","","","","","","","","","",""
"P2","The Highlanders Museum","The Highlanders Museum Redevelopment Project","ERDF","772856","N/A","2505707","N/A","N/A","Scotland","Highland and Islands","First","Highland","Inverness","IV2 7TD","57.5826276","-4.0517242","","","","","","","","","","","","","","",""
"P1","Cromarty Firth Port Authority","CFPA Phase III Development","ERDF","2600000","N/A","6500000","N/A","N/A","Scotland","Highland and Islands","First","Highland","Invergordon","IV18 0HD","57.686909","-4.1667954","","","","","","","","","","","","","","",""
"P1","Sealladh na Beinne Moire","Lochboisdale Regeneration - Enhanced Phase 1","ERDF","1799404","N/A","4792479","N/A","N/A","Scotland","Highland and Islands","Fourth","Highland","Fort William","PH33 6RZ","56.6985742","-5.1797438","","","","","","","","","","","","","","",""
"P1","Sealladh na Beinne Moire","Loch Carnan Community Wind Farm","ERDF","2400000","N/A","10341927","N/A","N/A","Scotland","Highland and Islands","Fourth","Highland","Fort William","PH33 6RZ","56.6985742","-5.1797438","","","","","","","","","","","","","","",""
"P2","Outdoor Capital of the UK","Outdoor Capital 2008-2010","ERDF","84260","N/A","210260","N/A","N/A","Scotland","Highland and Islands","First","Highland","Fort William","PH33 6DH","56.8181781","-5.1111679","","","","","","","","","","","","","","",""
"P2","The Nevis Partnership","Ben Nevis Mountain Track and Glen Nevis Sense of 'Place'","ERDF","212969","N/A","475841","N/A","N/A","Scotland","Highland and Islands","First","Highland","Fort William","PH33","56.8220134","-5.089865","","","","","","","","","","","","","","",""
"P3","West Highland College","WHC UHI: Further Education & Enterprise Facility - Portree","ERDF","590000","N/A","2090000","N/A","N/A","Scotland","Highland and Islands","First","Highland","Fort William","PH33 6FF","56.8225834","-5.1070108","","","","","","","","","","","","","","",""
"P1","Forestry Commission Scotland","Scottish Biomass Heat Scheme for Business - H&I","ERDF","540000","N/A","1350000","N/A","N/A","Scotland","Highland and Islands","First","Highland","Dingwall","IV15 9XB","57.6014338","-4.4501583","","","","","","","","","","","","","","",""
"P2","National Trust for Scotland","Mountains for People","ERDF","243073","N/A","1090013","N/A","N/A","Scotland","Highland and Islands","First","Highland","Ballachulish","PH49 4HX","56.6644333","-5.056737","","","","","","","","","","","","","","",""
"P2","Speyside Trust","Badaguish Centre Development (5)","ERDF","436217","N/A","969374","N/A","N/A","Scotland","Highland and Islands","Second","Highland","Aviemore","PH22 1QU","57.1807379","-3.7274619","","","","","","","","","","","","","","",""
"P2","Cairngorms Outdoors Access Trust","Cairngorms Mountain Heritage Project","ERDF","722502","N/A","1915308","N/A","N/A","Scotland","Highland and Islands","First","Highland","Aviemore","PH22 1QH","57.1762242","-3.8173914","","","","","","","","","","","","","","",""
"P1","VISITSCOTLAND","GREEN TOURISM INITIATIVES FOR BUSINESS GROWTH (H&I)","ERDF","78117","N/A","200300","N/A","N/A","Scotland","Highland and Islands","Third","Glasgow City","Glasgow","G1","55.8599595","-4.2526285","","","","","","","","","","","","","","",""
"P1","VISITSCOTLAND","NEW TOURISM GROWTH FUND (H&I)","ERDF","210695","N/A","561852","N/A","N/A","Scotland","Highland and Islands","Third","Glasgow City","Glasgow","G1","55.8599595","-4.2526285","","","","","","","","","","","","","","",""
"P2","VISITSCOTLAND","IMPROVING THE COMPETIVENESS OF BUSINESSES IN THE H&IS","ERDF","445305","N/A","1272300","N/A","N/A","Scotland","Highland and Islands","Third","Glasgow City","Glasgow","G1","55.8599595","-4.2526285","","","","","","","","","","","","","","",""
"P2","VISITSCOTLAND","HOMECOMING SCOTLAND 2009 (H&I)","ERDF","1487620","N/A","4250342","N/A","N/A","Scotland","Highland and Islands","Third","Glasgow City","Glasgow","G1","55.8599595","-4.2526285","","","","","","","","","","","","","","",""
"P2","VISITSCOTLAND","SUSTAINABLE TOURISM CONSUMER PROMOTIONS - H&IS","ERDF","1654652","N/A","4550749","N/A","N/A","Scotland","Highland and Islands","Third","Glasgow City","Glasgow","G1","55.8599595","-4.2526285","","","","","","","","","","","","","","",""
"P1","The Scottish Government","The Harris Tweed Investment Fund","ERDF","92000","N/A","230000","N/A","N/A","Scotland","Highland and Islands","Second","Edinburgh","Edinburgh","EH1 3DG","55.9537024","-3.1827618","","","","","","","","","","","","","","",""
"P2","Sustrans Scotland","Oban to Fort William Multi-user Path","ERDF","500000","N/A","1195563","N/A","N/A","Scotland","Highland and Islands","Second","Edinburgh","Edinburgh","EH12 5EZ","55.9454853","-3.2200245","","","","","","","","","","","","","","",""
"P3","Tarbert (Loch Fyne) Harbour Authority","Tarbert East Pier Upgrade","ERDF","28688","N/A","114750","N/A","N/A","Scotland","Highland and Islands","Second","Argyll and Bute","Tarbert","PA29","55.8676025","-5.4112003","","","","","","","","","","","","","","",""
"P3","Argyll Community Housing Association","Millknowe Terrace, Campbeltown - Regeneration","ERDF","54583","N/A","149098","N/A","N/A","Scotland","Highland and Islands","Second","Argyll and Bute","Oban","PA34 4RY","56.4020572","-5.4754934","","","","","","","","","","","","","","",""
"P1","Argyll and Bute Council","Business Gateway Plus Argyll & Bute and Arran & Cumbrae","ERDF","44120","N/A","110300","N/A","N/A","Scotland","Highland and Islands","First","Argyll and Bute","Oban","PA34 4NH","56.4048113","-5.4724789","","","","","","","","","","","","","","",""
"P1","Argyll and Bute Council","Kintyre Renewables Hub","ERDF","3798835","N/A","11418835","N/A","N/A","Scotland","Highland and Islands","First","Argyll and Bute","Oban","PA34 4NH","56.4048113","-5.4724789","","","","","","","","","","","","","","",""
"P3","Argyll and Bute Council","Tayinloan Community Access Improvements","ERDF","500000","N/A","2650000","N/A","N/A","Scotland","Highland and Islands","First","Argyll and Bute","Oban","PA34 4NH","56.4048113","-5.4724789","","","","","","","","","","","","","","",""
"P2","The Isle of Luing Community Trust","AIC Project","ERDF","360391","N/A","857880","N/A","N/A","Scotland","Highland and Islands","Fourth","Argyll and Bute","Oban","PA34 4NH","56.237303","-5.6398459","","","","","","","","","","","","","","",""
"P1","Highlands & Islands Enterprise","HIE Priority 1 Capital SDB Phase 2 Agreement","ERDF","6100000","N/A","15250000","N/A","N/A","Scotland","Highland and Islands","Third","Argyll and Bute","Lochgilphead","PA31 8SH","56.0243602","-5.4304317","","","","","","","","","","","","","","",""
"P1","Highlands & Islands Enterprise","HIE Priority 1 Revenue SDB Phase 2 Agreement","ERDF","4000000","N/A","10000000","N/A","N/A","Scotland","Highland and Islands","Third","Argyll and Bute","Lochgilphead","PA31 8SH","56.0243602","-5.4304317","","","","","","","","","","","","","","",""
"P1","Highlands & Islands Enterprise","HIE Priority 1 Revenue SDB Agreement","ERDF","3815000","N/A","9537500","N/A","N/A","Scotland","Highland and Islands","Third","Argyll and Bute","Lochgilphead","PA31 8SH","56.0243602","-5.4304317","","","","","","","","","","","","","","",""
"P1","Highlands & Islands Enterprise","HIE Priority 1 Capital SDB Agreement","ERDF","9320000","N/A","23300000","N/A","N/A","Scotland","Highland and Islands","Third","Argyll and Bute","Lochgilphead","PA31 8SH","56.0243602","-5.4304317","","","","","","","","","","","","","","",""
"P1","Mull and Iona Community Trust","A Community Enterprise Centre for Mull & Iona","ERDF","528162","N/A","1337862","N/A","N/A","Scotland","Highland and Islands","Second","Argyll and Bute","Isle of Mull","PA65 6AY","56.4643535","-5.6967876","","","","","","","","","","","","","","",""
"P3","THE HEBRIDEAN TRUST","REGENERATING HYNISH","ERDF","129597","N/A","355501","N/A","N/A","Scotland","Highland and Islands","Second","Argyll and Bute","Isle of Mull","PA75 6NU","56.6229951","-6.0679314","","","","","","","","","","","","","","",""
"P3","Development Coll","An Cridhe","ERDF","962568","N/A","2387593","N/A","N/A","Scotland","Highland and Islands","Second","Argyll and Bute","Isle of Coll","PA78 6SY","56.6232763","-6.5270693","","","","","","","","","","","","","","",""
"P3","Kintyre Amenity Trust","Campbeltown Old School Bunkhouse Project","ERDF","172790","N/A","434528","N/A","N/A","Scotland","Highland and Islands","Second","Argyll and Bute","Campbeltown","PA28 6JF","55.423523","-5.6076948","","","","","","","","","","","","","","",""
"P2","West Lothian Council","Business Gateway Plus - South East Scotland","ERDF","649360","N/A","1632364","N/A","N/A","Scotland","Lowlands and Uplands","Second","West Lothian","Livingston","EH54","55.8880724","-3.5164534","","","","","","","","","","","","","","",""
"P2","West Lothian Council","West Lothian Economic Growth Project","ERDF","243727","N/A","609317","N/A","N/A","Scotland","Lowlands and Uplands","Second","West Lothian","Livingston","EH54","55.8880724","-3.5164534","","","","","","","","","","","","","","",""
"P2","West Lothian Council","Business Gateway Plus SE Scotland","ERDF","1499121","N/A","3747801","N/A","N/A","Scotland","Lowlands and Uplands","Second","West Lothian","Livingston","EH54","55.8880724","-3.5164534","","","","","","","","","","","","","","",""
"P3","West Lothian Council","West Lothian Partnership Project - Connecting Communities","ERDF","603168","N/A","1723337","N/A","N/A","Scotland","Lowlands and Uplands","Second","West Lothian","Livingston","EH54","55.8880724","-3.5164534","","","","","","","","","","","","","","",""
"P3","West Lothian Council","West Lothian Job Brokerage Initiative","ERDF","311347","N/A","778367","N/A","N/A","Scotland","Lowlands and Uplands","Second","West Lothian","Livingston","EH54","55.8880724","-3.5164534","","","","","","","","","","","","","","",""
"P4","East Lothian Business Units","East Lothian Council","ERDF","420892","N/A","1052230","N/A","N/A","Scotland","Lowlands and Uplands","Second","West Lothian","Linlithgow","EH49 6EP","55.9736622","-3.6124205","","","","","","","","","","","","","","",""
"P2","West Dunbartonshire Council","Business Gateway Plus","ERDF","194693","N/A","556268","N/A","N/A","Scotland","Lowlands and Uplands","Second","West Dunbartonshire","Dumbarton","G82 3PU","55.9450925","-4.5646258","","","","","","","","","","","","","","",""
"P3","West Dunbartonshire Council","West Dunbartonshire Employability Programme Job Brokerage 3","ERDF","116712","N/A","291782","N/A","N/A","Scotland","Lowlands and Uplands","Second","West Dunbartonshire","Dumbarton","G82 3PU","55.9450925","-4.5646258","","","","","","","","","","","","","","",""
"P1","Sustainable Energy Technology & Innovation Centre","Accelerated Development Programme for Renewable SMEs","ERDF","571454","N/A","1611900","N/A","N/A","Scotland","Lowlands and Uplands","Third","Glasgow City","Glasgow","G75 0QF","55.753892","-4.1656607","","","","","","","","","","","","","","",""
"P1","University of Stirling","Sporting Chance Initiative","ERDF","644643","N/A","1543979","N/A","N/A","Scotland","Lowlands and Uplands","Second","Stirling","Stirling","FK9 4LR","56.1495541","-3.9182213","","","","","","","","","","","","","","",""
"P2","South Lanarkshire Council","Lanarkshire Sustainable Business Programme","ERDF","347426","N/A","992644","N/A","N/A","Scotland","Lowlands and Uplands","Second","South Lanarkshire","Lanark","ML11 9TA","55.6735909","-3.7819661","","","","","","","","","","","","","","",""
"P3","South Lanarkshire Council","Burgh Business Centre","ERDF","644454","N/A","1615500","N/A","N/A","Scotland","Lowlands and Uplands","Second","South Lanarkshire","Lanark","ML11 9TA","55.6735909","-3.7819661","","","","","","","","","","","","","","",""
"P3","South Lanarkshire Council","CIO - Job Brokerage Initiative","ERDF","793000","N/A","1982500","N/A","N/A","Scotland","Lowlands and Uplands","Second","South Lanarkshire","Lanark","ML11 9TA","55.6735909","-3.7819661","","","","","","","","","","","","","","",""
"P4","South Lanarkshire Council","St Brides Community Group Centre","ERDF","235546","N/A","595546","N/A","N/A","Scotland","Lowlands and Uplands","Second","South Lanarkshire","Lanark","ML11 9TA","55.6735909","-3.7819661","","","","","","","","","","","","","","",""
"P4","South Lanarkshire Council","South Lanarkshire Rural Business Sites","ERDF","194670","N/A","486676","N/A","N/A","Scotland","Lowlands and Uplands","Second","South Lanarkshire","Lanark","ML11 9TA","55.6735909","-3.7819661","","","","","","","","","","","","","","",""
"P4","South Lanarkshire Council","Market Towns Business Infrastructure","ERDF","226680","N/A","566700","N/A","N/A","Scotland","Lowlands and Uplands","Second","South Lanarkshire","Lanark","ML11 9TA","55.6735909","-3.7819661","","","","","","","","","","","","","","",""
"P4","South Lanarkshire Council","South Lanarkshire Rural Industrial Site Revelopment","ERDF","199563","N/A","498963","N/A","N/A","Scotland","Lowlands and Uplands","Second","South Lanarkshire","Lanark","ML11 9TA","55.6735909","-3.7819661","","","","","","","","","","","","","","",""
"P4","South Lanarkshire Council","Lesmahagow Rural Business Strategy","ERDF","87924","N/A","219924","N/A","N/A","Scotland","Lowlands and Uplands","Second","South Lanarkshire","Lanark","ML11 9TA","55.6735909","-3.7819661","","","","","","","","","","","","","","",""
"P4","Clydesdale Community Initiatives","Clydesdale Community Workshops 2010","ERDF","655718","N/A","1878221","N/A","N/A","Scotland","Lowlands and Uplands","Second","South Lanarkshire","Lanark","ML11 9TA","55.6607725","-3.7375132","","","","","","","","","","","","","","",""
"P3","South Lanarkshire College","Support for enterprise and growth","ERDF","700000","N/A","2100000","N/A","N/A","Scotland","Lowlands and Uplands","Second","South Lanarkshire","Glasgow","G75 0YW","55.7530077","-4.1615014","","","","","","","","","","","","","","",""
"P3","West Whitlawburn Housing Co- operative","Whitlawburn Community Energy","ERDF","2365887","N/A","6759678","N/A","N/A","Scotland","Lowlands and Uplands","Second","South Lanarkshire","Glasgow","G72 8PG","55.8080966","-4.1828836","","","","","","","","","","","","","","",""
"P1","SRUC","Green Cow","ERDF","558820","N/A","1456273","N/A","N/A","Scotland","Lowlands and Uplands","Second","South Ayrshire","Ayr","KA6 5HW","55.4801816","-4.5665484","","","","","","","","","","","","","","",""
"P4","The Haining Charitable Trust","The Haining - Stables Office Development","ERDF","352574","N/A","914125","N/A","N/A","Scotland","Lowlands and Uplands","Second","Scottish Borders","Selkirk","TD7 4AH","55.5452197","-2.8397608","","","","","","","","","","","","","","",""
"P4","Scottish Borders Council","Scottish Borders Rural Business Site Development","ERDF","808003","N/A","2318849","N/A","N/A","Scotland","Lowlands and Uplands","Second","Scottish Borders","Selkirk","TD7 4AH","55.5485697","-2.7861388","","","","","","","","","","","","","","",""
"P4","Scottish Borders Council","Galashiels Transport Interchange","ERDF","1865779","N/A","4664447","N/A","N/A","Scotland","Lowlands and Uplands","Second","Scottish Borders","Selkirk","TD7 4AH","55.5485697","-2.7861388","","","","","","","","","","","","","","",""
"P4","Scottish Borders Council","Kelso Town Centre Business Hub","ERDF","237617","N/A","736593","N/A","N/A","Scotland","Lowlands and Uplands","Second","Scottish Borders","Selkirk","TD7 4AH","55.5485697","-2.7861388","","","","","","","","","","","","","","",""
"P1","University of the West of Scotland","Innovation in Sensors & Product Design (INSPIRED)","ERDF","249086","N/A","552399","N/A","N/A","Scotland","Lowlands and Uplands","Second","Renfrewshire","Paisley","PA1","55.8451334","-4.4276188","","","","","","","","","","","","","","",""
"P3","Kibbleworks","The Experience at Hillington - Young Scotland at Work","ERDF","410000","N/A","1025000","N/A","N/A","Scotland","Lowlands and Uplands","Second","Renfrewshire","Paisley","PA3 1QS","55.8526705","-4.4391672","","","","","","","","","","","","","","",""
"P2","Renfrewshire Council","Business Growth Renfrewshire","ERDF","268826","N/A","672065","N/A","N/A","Scotland","Lowlands and Uplands","Second","Renfrewshire","Paisley","PA3 1QS","55.846654","-4.5331259","","","","","","","","","","","","","","",""
"P3","Renfrewshire Council","Renfrewshire's Access To Employment (RATE) Programme","ERDF","854588","N/A","2151709","N/A","N/A","Scotland","Lowlands and Uplands","Second","Renfrewshire","Paisley","PA3 1QS","55.846654","-4.5331259","","","","","","","","","","","","","","",""
"P2","Perth College","Inspiring Enterprise","ERDF","254566","N/A","636416","N/A","N/A","Scotland","Lowlands and Uplands","Second","Perth and Kinross","Perth","PH1","56.4063083","-3.4626449","","","","","","","","","","","","","","",""
"P4","Perth and Kinross Council","Unlocking economic potential in Perthshire and Angus","ERDF","281894","N/A","704741","N/A","N/A","Scotland","Lowlands and Uplands","Second","Perth and Kinross","Perth","PH1 5GD","56.3978058","-3.4317003","","","","","","","","","","","","","","",""
"P4","Perth and Kinross Council","East of Scotland Renewables - Rural Supply- chain Development","ERDF","289039","N/A","734514","N/A","N/A","Scotland","Lowlands and Uplands","Second","Perth and Kinross","Perth","PH1 5GD","56.3978058","-3.4317003","","","","","","","","","","","","","","",""
"P2","North Lanarkshire Council","Gateway to Growth","ERDF","254743","N/A","727846","N/A","N/A","Scotland","Lowlands and Uplands","Third","North Lanarkshire","Airdrie","ML6 6BN","55.8654528","-3.982917","","","","","","","","","","","","","","",""
"P2","North Lanarkshire Council","Business Gateway Plus - Lanarkshire","ERDF","1197282","N/A","2993206","N/A","N/A","Scotland","Lowlands and Uplands","Third","North Lanarkshire","Airdrie","ML6 6BN","55.8654528","-3.982917","","","","","","","","","","","","","","",""
"P3","North Lanarkshire Council","North Lanarkshire CPP ERDF Bid","ERDF","3960328","N/A","10012255","N/A","N/A","Scotland","Lowlands and Uplands","Third","North Lanarkshire","Airdrie","ML6 6BN","55.8654528","-3.982917","","","","","","","","","","","","","","",""
"P3","North Lanarkshire Council","North Lanarkshire CPP ERDF Phase 3","ERDF","2108042","N/A","5270106","N/A","N/A","Scotland","Lowlands and Uplands","Third","North Lanarkshire","Airdrie","ML6 6BN","55.8654528","-3.982917","","","","","","","","","","","","","","",""
"P2","Lanarkshire Enterprise Services Ltd","Enterprise Support - Beyond BG in Lanarkshire","ERDF","872867","N/A","2182171","N/A","N/A","Scotland","Lowlands and Uplands","Second","North Lanarkshire","Coatbridge","ML5 4EF","55.8548457","-4.0107281","","","","","","","","","","","","","","",""
"P3","Coatbridge College","Coatbridge College Campus Enhancement","ERDF","1277337","N/A","4277337","N/A","N/A","Scotland","Lowlands and Uplands","Second","North Lanarkshire","Coatbridge","ML5","55.8639821","-4.0159301","","","","","","","","","","","","","","",""
"P2","North Ayrshire Council","Ayrshire Business Gateway Plus","ERDF","133333","N/A","333333","N/A","N/A","Scotland","Lowlands and Uplands","Third","North Ayrshire","Dalry","KA24 5AW","55.708554","-4.7218316","","","","","","","","","","","","","","",""
"P2","North Ayrshire Council","North Ayrshire Business Growth Programme","ERDF","1018914","N/A","2681352","N/A","N/A","Scotland","Lowlands and Uplands","Third","North Ayrshire","Dalry","KA24 5AW","55.708554","-4.7218316","","","","","","","","","","","","","","",""
"P3","North Ayrshire Council","North Ayrshire Employability Continuum ERDF Aspect - Revenue","ERDF","642510","N/A","1835744","N/A","N/A","Scotland","Lowlands and Uplands","Third","North Ayrshire","Dalry","KA24 5AW","55.708554","-4.7218316","","","","","","","","","","","","","","",""
"P3","North Ayrshire Council","North Ayrshire Employability Pathway - Job Brokerage","ERDF","615438","N/A","1538595","N/A","N/A","Scotland","Lowlands and Uplands","Third","North Ayrshire","Dalry","KA24 5AW","55.708554","-4.7218316","","","","","","","","","","","","","","",""
"P3","Irvine Bay Developments Ltd","I3 Irvine Innovation and Industry","ERDF","1575000","N/A","4500000","N/A","N/A","Scotland","Lowlands and Uplands","Second","North Ayrshire","Irvine","KA11 5DA","55.5965704","-4.6382945","","","","","","","","","","","","","","",""
"P3","Irvine Bay Developments Ltd","Ardrossan Quayside","ERDF","463000","N/A","1173000","N/A","N/A","Scotland","Lowlands and Uplands","Second","North Ayrshire","Irvine","KA11 5DA","55.5965704","-4.6382945","","","","","","","","","","","","","","",""
"P1","Bioquarter Life Science Commercialisation","The University of Edinburgh","ERDF","552160","N/A","1380397","N/A","N/A","Scotland","Lowlands and Uplands","Third","Edinburgh","Edinburgh","EH16","55.9216339","-3.1368493","","","","","","","","","","","","","","",""
"P1","BioScience Network Ltd","Animal Health and Animal Genetics KTN","ERDF","355508","N/A","1107558","N/A","N/A","Scotland","Lowlands and Uplands","None","N/A","N/A","N/A","N/A","N/A","","","","","","","","","","","","","","",""
"P1","Bioscience Network Ltd","Biosciences Knowledge Transfer Network","ERDF","699166","N/A","1914541","N/A","N/A","Scotland","Lowlands and Uplands","None","N/A","N/A","N/A","N/A","N/A","","","","","","","","","","","","","","",""
"P1","Critical Components for Offshore Renewables","The University of Edinburgh","ERDF","233885","N/A","584712","N/A","N/A","Scotland","Lowlands and Uplands","None","N/A","N/A","N/A","N/A","N/A","","","","","","","","","","","","","","",""
"P1","Driving Innovation for Growth","SHIL","ERDF","341819","N/A","1006215","N/A","N/A","Scotland","Lowlands and Uplands","None","N/A","N/A","N/A","N/A","N/A","","","","","","","","","","","","","","",""
"P1","Genecom Ltd","Increasing Enterprise and Innovation in Animal Health and Life Science Sector","ERDF","436697","N/A","981442","N/A","N/A","Scotland","Lowlands and Uplands","None","N/A","N/A","N/A","N/A","N/A","","","","","","","","","","","","","","",""
"P1","Genomia Management Ltd","Genomia Pre-Investment Seed Development Fund","ERDF","359687","N/A","1438746","N/A","N/A","Scotland","Lowlands and Uplands","None","N/A","N/A","N/A","N/A","N/A","","","","","","","","","","","","","","",""
"P1","Scottish Health Innovations Limited","Scottish Health Innovation Limited Extension","ERDF","534035","N/A","1526267","N/A","N/A","Scotland","Lowlands and Uplands","None","N/A","N/A","N/A","N/A","N/A","","","","","","","","","","","","","","",""
"P2","Enterprise@D&A","Dundee College","ERDF","261715","N/A","654288","N/A","N/A","Scotland","Lowlands and Uplands","None","N/A","N/A","N/A","N/A","N/A","","","","","","","","","","","","","","",""
"P2","Graduate Employment - Supporting Business Growth","Scottish Council for Voluntary Organisations","ERDF","832786","N/A","2082137","N/A","N/A","Scotland","Lowlands and Uplands","None","N/A","N/A","N/A","N/A","N/A","","","","","","","","","","","","","","",""
"P2","SCVO Rural Community Enterprise & Innovation","Scottish Council for Voluntary Organisations","ERDF","100228","N/A","250571","N/A","N/A","Scotland","Lowlands and Uplands","None","N/A","N/A","N/A","N/A","N/A","","","","","","","","","","","","","","",""
"P2","Social Enterprise Growth and Innovation","BRAG Enterprises Ltd","ERDF","83600","N/A","209002","N/A","N/A","Scotland","Lowlands and Uplands","None","N/A","N/A","N/A","N/A","N/A","","","","","","","","","","","","","","",""
"P2","VisitScotland","New Tourism Growth Fund","ERDF","270708","N/A","721890","N/A","N/A","Scotland","Lowlands and Uplands","Third","Argyll and Bute","Isle of Mull","PA65 6AY","56.4643535","-5.6967876","","","","","","","","","","","","","","",""
"P2","VisitScotland","Green Tourism Initiatives for Business Growth","ERDF","121444","N/A","340631","N/A","N/A","Scotland","Lowlands and Uplands","Third","Argyll and Bute","Isle of Mull","PA65 6AY","56.4643535","-5.6967876","","","","","","","","","","","","","","",""
"P2","West of Scotland Loan Fund Ltd","West of Scotland Loan Fund (Gap Funding for SME's)","ERDF","6000000","N/A","15000000","N/A","N/A","Scotland","Lowlands and Uplands","None","N/A","N/A","N/A","N/A","N/A","","","","","","","","","","","","","","",""
"P3","West Dunbartonshire Council on Behalf of West Dunbartonshire CPP","WDEP Facilities and Job Brokerage","ERDF","159256","N/A","424347","N/A","N/A","Scotland","Lowlands and Uplands","Third","West Dunbartonshire","Dumbarton","G82","55.9509631","-4.5424823","","","","","","","","","","","","","","",""
"P4","VisitScotland","Homecoming 2009","ERDF","1232462","N/A","3521319","N/A","N/A","Scotland","Lowlands and Uplands","Third","Argyll and Bute","Isle of Mull","PA65 6AY","56.4643535","-5.6967876","","","","","","","","","","","","","","",""
"P4","VisitScotland","Green Tourism Consumer Promotion","ERDF","991379","N/A","2728817","N/A","N/A","Scotland","Lowlands and Uplands","Third","Argyll and Bute","Isle of Mull","PA65 6AY","56.4643535","-5.6967876","","","","","","","","","","","","","","",""
"P4","VisitScotland","New Seasonal Tourism Campaigns in the LUPS P4 Areas","ERDF","3685436","N/A","9213590","N/A","N/A","Scotland","Lowlands and Uplands","Third","Argyll and Bute","Isle of Mull","PA65 6AY","56.4643535","-5.6967876","","","","","","","","","","","","","","",""
"P4","The South West of Scotland Transport Partnership","TravelSmart Dumfries and Galloway","ERDF","1243499","N/A","3109240","N/A","N/A","Scotland","Lowlands and Uplands","None","N/A","N/A","N/A","N/A","N/A","","","","","","","","","","","","","","",""
"P4","VisitScotland","New Seasonal Tourism Campaigns in the South of Scotland","ERDF","1390774","N/A","3476934","N/A","N/A","Scotland","Lowlands and Uplands","Third","Argyll and Bute","Isle of Mull","PA65 6AY","56.4643535","-5.6967876","","","","","","","","","","","","","","",""
"P4","VisitScotland","Green Tourism Consumer Promotions - South of Scotland","ERDF","486719","N/A","1339716","N/A","N/A","Scotland","Lowlands and Uplands","Third","Argyll and Bute","Isle of Mull","PA65 6AY","56.4643535","-5.6967876","","","","","","","","","","","","","","",""
"P4","VisitScotland","Homecoming and the Development of the Diaspora Market","ERDF","201211","N/A","574887","N/A","N/A","Scotland","Lowlands and Uplands","Third","Argyll and Bute","Isle of Mull","PA65 6AY","56.4643535","-5.6967876","","","","","","","","","","","","","","",""
"P1","University of Strathclyde","Workplace Innovation Consortium","ERDF","80000","N/A","201497","N/A","N/A","Scotland","Lowlands and Uplands","Second","Glasgow City","Glasgow","G1 1XQ","55.8625273","-4.2462825","","","","","","","","","","","","","","",""
"P1","University of Strathclyde","SU2P – a partnership for innovation","ERDF","100000","N/A","250000","N/A","N/A","Scotland","Lowlands and Uplands","Second","Glasgow City","Glasgow","G1 1XQ","55.8625273","-4.2462825","","","","","","","","","","","","","","",""
"P1","University of Strathclyde","Knowledge Transfer (and Commercialisation) to aid Company growth","ERDF","295196","N/A","737991","N/A","N/A","Scotland","Lowlands and Uplands","Second","Glasgow City","Glasgow","G1 1XQ","55.8625273","-4.2462825","","","","","","","","","","","","","","",""
"P1","University of Strathclyde","SIPBS Knowledge Exchange Hub - Revenue","ERDF","480189","N/A","1067088","N/A","N/A","Scotland","Lowlands and Uplands","Second","Glasgow City","Glasgow","G1 1XQ","55.8625273","-4.2462825","","","","","","","","","","","","","","",""
"P1","University of Strathclyde","SIPBS Knowledge Exchange Hub","ERDF","1051000","N/A","3801000","N/A","N/A","Scotland","Lowlands and Uplands","Second","Glasgow City","Glasgow","G1 1XQ","55.8625273","-4.2462825","","","","","","","","","","","","","","",""
"P1","University of Strathclyde","SUPA - Knowledge Transfer to Aid Company Growth","ERDF","354847","N/A","887116","N/A","N/A","Scotland","Lowlands and Uplands","Second","Glasgow City","Glasgow","G1 1XQ","55.8625273","-4.2462825","","","","","","","","","","","","","","",""
"P1","University of Strathclyde","Executive Director Designate Programme 1","ERDF","555474","N/A","1234386","N/A","N/A","Scotland","Lowlands and Uplands","Second","Glasgow City","Glasgow","G1 1XQ","55.8625273","-4.2462825","","","","","","","","","","","","","","",""
"P1","University of Strathclyde","Medical Devices Knowledge Exchange Initiative","ERDF","246727","N/A","606594","N/A","N/A","Scotland","Lowlands and Uplands","Second","Glasgow City","Glasgow","G1 1XQ","55.8625273","-4.2462825","","","","","","","","","","","","","","",""
"P1","University of Strathclyde","SETN Phase Two","ERDF","408137","N/A","906972","N/A","N/A","Scotland","Lowlands and Uplands","Second","Glasgow City","Glasgow","G1 1XQ","55.8625273","-4.2462825","","","","","","","","","","","","","","",""
"P1","University of Strathclyde","ETP Knowledge Exchange Network","ERDF","1051374","N/A","3003926","N/A","N/A","Scotland","Lowlands and Uplands","Second","Glasgow City","Glasgow","G1 1XQ","55.8625273","-4.2462825","","","","","","","","","","","","","","",""
"P1","University of Strathclyde","Technology Innovation Centre (TIC), Strathclyde","ERDF","6655035","N/A","47316307","N/A","N/A","Scotland","Lowlands and Uplands","Second","Glasgow City","Glasgow","G1 1XQ","55.8625273","-4.2462825","","","","","","","","","","","","","","",""
"P2","University of Strathclyde","Strathclyde Entrepreneurial Network","ERDF","381026","N/A","952565","N/A","N/A","Scotland","Lowlands and Uplands","Second","Glasgow City","Glasgow","G1 1XQ","55.8625273","-4.2462825","","","","","","","","","","","","","","",""
"P2","Edinburgh Napier University","eBusiness Innovation in Eastern Scotland","ERDF","244531","N/A","611327","N/A","N/A","Scotland","Lowlands and Uplands","Second","Edinburgh","Edinburgh","EH14 1DJ","55.9180109","-3.2395732","","","","","","","","","","","","","","",""
"P4","The Moray Council","Rural Action Plan for Moray","ERDF","785400","N/A","1963502","N/A","N/A","Scotland","Lowlands and Uplands","Second","Moray","Elgin","IV30 1BX","57.6483463","-3.3136847","","","","","","","","","","","","","","",""
"P4","The Moray Council","Rural Action Plan for Moray 2","ERDF","1373433","N/A","3433588","N/A","N/A","Scotland","Lowlands and Uplands","Second","Moray","Elgin","IV30 1BX","57.6483463","-3.3136847","","","","","","","","","","","","","","",""
"P4","Moray College","e-Health training and education unit for Moray","ERDF","2618868","N/A","6547170","N/A","N/A","Scotland","Lowlands and Uplands","Second","Moray","Elgin","IV30","57.6460444","-3.3162125","","","","","","","","","","","","","","",""
"P1","Roslin Foundation","Roslin Stem Cell Partnership Project 1","ERDF","1185854","N/A","2960854","N/A","N/A","Scotland","Lowlands and Uplands","Second","Midlothian","Roslin","EH25 9RG","55.865408","-3.1996956","","","","","","","","","","","","","","",""
"P1","Midlothian Council","Edinburgh Science Triangle","ERDF","416572","N/A","975634","N/A","N/A","Scotland","Lowlands and Uplands","Second","Midlothian","Dalkeith","EH22 1DN","55.8923073","-3.2103091","","","","","","","","","","","","","","",""
"P3","Inverclyde Council","Inverclyde Integrated Employability Programme","ERDF","329848","N/A","836252","N/A","N/A","Scotland","Lowlands and Uplands","Second","Inverclyde","Greenock","PA15 1LY","55.9470377","-4.7585271","","","","","","","","","","","","","","",""
"P3","Inverclyde Council","Inverclyde ERDF Integrated Employability Programme (2)","ERDF","372932","N/A","932346","N/A","N/A","Scotland","Lowlands and Uplands","Second","Inverclyde","Greenock","PA15 1LY","55.9470377","-4.7585271","","","","","","","","","","","","","","",""
"P4","Historic Scotland","National Conservation Centre (NCC) The Engineshed, Stirling","ERDF","1936403","N/A","4925036","N/A","N/A","Scotland","Lowlands and Uplands","Second","Highland","Inverness","IV2 7SR","57.5662374","-4.0368212","","","","","","","","","","","","","","",""
"P1","Glasgow Caledonian University","CIC Start On-line","ERDF","468613","N/A","1041365","N/A","N/A","Scotland","Lowlands and Uplands","Second","Glasgow City","Glasgow","G4","55.8663839","-4.2539567","","","","","","","","","","","","","","",""
"P1","Glasgow Caledonian University","Kit Out","ERDF","77008","N/A","224508","N/A","N/A","Scotland","Lowlands and Uplands","Second","Glasgow City","Glasgow","G4","55.8663839","-4.2539567","","","","","","","","","","","","","","",""
"P1","Glasgow Caledonian University","Supporting SMEs within Scotland's Food & Drink Sector","ERDF","185812","N/A","577400","N/A","N/A","Scotland","Lowlands and Uplands","Second","Glasgow City","Glasgow","G4","55.8663839","-4.2539567","","","","","","","","","","","","","","",""
"P1","University of Glasgow","Stratified Medicine and Imaging","ERDF","2300000","N/A","7700000","N/A","N/A","Scotland","Lowlands and Uplands","Second","Glasgow City","Glasgow","G12 8QQ","55.8717515","-4.2883598","","","","","","","","","","","","","","",""
"P1","University of Glasgow","SIGMA (Scottish Innovation in Global Market Applications)","ERDF","1200374","N/A","2667499","N/A","N/A","Scotland","Lowlands and Uplands","Second","Glasgow City","Glasgow","G12 8QQ","55.8717515","-4.2883598","","","","","","","","","","","","","","",""
"P1","University of Glasgow","The Nexxus Scotland Bioscience Network","ERDF","500816","N/A","1279548","N/A","N/A","Scotland","Lowlands and Uplands","Second","Glasgow City","Glasgow","G12 8QQ","55.8717515","-4.2883598","","","","","","","","","","","","","","",""
"P1","University of Glasgow","SAHSC Industry Support Programme","ERDF","344569","N/A","984482","N/A","N/A","Scotland","Lowlands and Uplands","Second","Glasgow City","Glasgow","G12 8QQ","55.8717515","-4.2883598","","","","","","","","","","","","","","",""
"P2","CEiS","Investing in Enterprise","ERDF","67398","N/A","217850","N/A","N/A","Scotland","Lowlands and Uplands","Second","Glasgow City","Glasgow","G51 2JA","55.8577245","-4.3112964","","","","","","","","","","","","","","",""
"P2","DSL","Scottish Micro Lending - Investor Readiness","ERDF","232364","N/A","605589","N/A","N/A","Scotland","Lowlands and Uplands","Second","Glasgow City","Glasgow","G51 2JA","55.8577245","-4.3112964","","","","","","","","","","","","","","",""
"P2","Glasgow City Council","Enterprise Creation in Disadvantaged Communities","ERDF","733424","N/A","2245079","N/A","N/A","Scotland","Lowlands and Uplands","Second","Glasgow City","Glasgow","G2 1DU","55.861152","-4.2501962","","","","","","","","","","","","","","",""
"P2","Glasgow City Council","Enterprise Growth in Glasgow","ERDF","964108","N/A","2754596","N/A","N/A","Scotland","Lowlands and Uplands","Second","Glasgow City","Glasgow","G2 1DU","55.861152","-4.2501962","","","","","","","","","","","","","","",""
"P2","Glasgow City Council","Building Better Businesses in Glasgow Supporting Future Need","ERDF","507415","N/A","1268537","N/A","N/A","Scotland","Lowlands and Uplands","Second","Glasgow City","Glasgow","G2 1DU","55.861152","-4.2501962","","","","","","","","","","","","","","",""
"P2","LINC Scotland","Scottish Angel Capital Programme","ERDF","2735952","N/A","6839881","N/A","N/A","Scotland","Lowlands and Uplands","Second","Glasgow City","Glasgow","G1 2DT","55.8608242","-4.2529997","","","","","","","","","","","","","","",""
"P2","Scottish Chambers of Commerce","Business Mentoring LUPS","ERDF","698539","N/A","1759206","N/A","N/A","Scotland","Lowlands and Uplands","Second","Glasgow City","Glasgow","G2 1EQ","55.8615204","-4.251698","","","","","","","","","","","","","","",""
"P2","University of Glasgow","Encompass","ERDF","756438","N/A","1891096","N/A","N/A","Scotland","Lowlands and Uplands","Second","Glasgow City","Glasgow","G12 8QQ","55.8717515","-4.2883598","","","","","","","","","","","","","","",""
"P3","Clyde Gateway URC","Rutherglen Low Carbon Zone","ERDF","2546291","N/A","8261320","N/A","N/A","Scotland","Lowlands and Uplands","Second","Glasgow City","Glasgow","G40 1BW","55.8491166","-4.2268418","","","","","","","","","","","","","","",""
"P3","Clyde Gateway URC","Clyde Gateway - SME Business HUB Bridgeton","ERDF","1349566","N/A","3963357","N/A","N/A","Scotland","Lowlands and Uplands","Second","Glasgow City","Glasgow","G40 1BW","55.8491166","-4.2268418","","","","","","","","","","","","","","",""
"P3","Clyde Gateway URC","CLYDE GATEWAY - SME BUSINESS HUB RUTHERGLEN","ERDF","624637","N/A","1561592","N/A","N/A","Scotland","Lowlands and Uplands","Second","Glasgow City","Glasgow","G40 1BW","55.8491166","-4.2268418","","","","","","","","","","","","","","",""
"P3","Clyde Gateway URC","Shawfield - Dalmarnock 'Smart Bridge'","ERDF","1897920","N/A","5085522","N/A","N/A","Scotland","Lowlands and Uplands","Second","Glasgow City","Glasgow","G40 1BW","55.8491166","-4.2268418","","","","","","","","","","","","","","",""
"P3","Clyde Gateway URC","Clyde Gateway Sustainable Transport Project - Connectivity","ERDF","419000","N/A","1047500","N/A","N/A","Scotland","Lowlands and Uplands","Second","Glasgow City","Glasgow","G40 1BW","55.8491166","-4.2268418","","","","","","","","","","","","","","",""
"P3","Clyde Gateway URC","National Business District - Shawfield","ERDF","5971600","N/A","14929000","N/A","N/A","Scotland","Lowlands and Uplands","Second","Glasgow City","Glasgow","G40 1BW","55.8491166","-4.2268418","","","","","","","","","","","","","","",""
"P3","Fife Council for Fife Community Planning Partnership","Tackling Worklessness in Fife","ERDF","1655442","N/A","4164504","N/A","N/A","Scotland","Lowlands and Uplands","Second","Glasgow City","Glasgow","G1","55.8608181","-4.2475016","","","","","","","","","","","","","","",""
"P3","Glasgow City Council","Glasgow's Employer Engagement Team","ERDF","738805","N/A","1847014","N/A","N/A","Scotland","Lowlands and Uplands","Second","Glasgow City","Glasgow","G2 1DU","55.861152","-4.2501962","","","","","","","","","","","","","","",""
"P3","Glasgow Community Planning Ltd","Glasgow Works II","ERDF","684830","N/A","2560382","N/A","N/A","Scotland","Lowlands and Uplands","Second","Glasgow City","Glasgow","G1","55.8608181","-4.2475016","","","","","","","","","","","","","","",""
"P3","Govan Workspace Ltd","Fairfield Business Premises","ERDF","1571804","N/A","4182625","N/A","N/A","Scotland","Lowlands and Uplands","Second","Glasgow City","Glasgow","G51 3BA","55.8632789","-4.3145121","","","","","","","","","","","","","","",""
"P3","Maryhill Burgh Halls Trust","Maryhill Burgh Halls","ERDF","1330607","N/A","4230296","N/A","N/A","Scotland","Lowlands and Uplands","Second","Glasgow City","Glasgow","G20 8YE","55.8908739","-4.2911313","","","","","","","","","","","","","","",""
"P3","South Lanarkshire Community Planning Partnership","South Lanarkshire CPP","ERDF","1601645","N/A","4342655","N/A","N/A","Scotland","Lowlands and Uplands","Second","Glasgow City","Glasgow","G1","55.8608181","-4.2475016","","","","","","","","","","","","","","",""
"P3","Strathclyde Partnership for Transport","FASTLINK: Bus Rapid Transit (BRT) Delivering Growth","ERDF","3999950","N/A","9999950","N/A","N/A","Scotland","Lowlands and Uplands","Second","Glasgow City","Glasgow","G2 3NW","55.8654076","-4.2519263","","","","","","","","","","","","","","",""
"P3","Strathclyde Partnership for Transport","Redevelopment of Dalmarnock Rail Station","ERDF","2859500","N/A","8859500","N/A","N/A","Scotland","Lowlands and Uplands","Second","Glasgow City","Glasgow","G2 3NW","55.8654076","-4.2519263","","","","","","","","","","","","","","",""
"P3","Strathclyde Partnership for Transport","Revitalising Subway Stations: A Catalyst for Regeneration","ERDF","1200709","N/A","3002709","N/A","N/A","Scotland","Lowlands and Uplands","Second","Glasgow City","Glasgow","G2 3NW","55.8654076","-4.2519263","","","","","","","","","","","","","","",""
"P3","The Wasps Trust","Merchant City Cultural and Creative Industries Hub Programmes","ERDF","500000","N/A","2680650","N/A","N/A","Scotland","Lowlands and Uplands","Second","Glasgow City","Glasgow","G4","55.8712416","-4.2505105","","","","","","","","","","","","","","",""
"P3","Transport Scotland","Halbeath Transport Hub","ERDF","2367605","N/A","5937605","N/A","N/A","Scotland","Lowlands and Uplands","Second","Glasgow City","Glasgow","G4 0HF","55.8675591","-4.2545426","","","","","","","","","","","","","","",""
"P1","University of St Andrews","Hydrogen Office - Hydrogen Technology Optimisation","ERDF","411944","N/A","915433","N/A","N/A","Scotland","Lowlands and Uplands","Second","Fife","St Andrews","KY16 9AJ","56.3412141","-2.7930117","","","","","","","","","","","","","","",""
"P2","BRAG Enterprises Ltd","Motivate to Innovate","ERDF","304614","N/A","761534","N/A","N/A","Scotland","Lowlands and Uplands","Second","Fife","Lochgelly","KY5","56.174481","-3.2407985","","","","","","","","","","","","","","",""
"P3","Ore Valley Housing Association","Cardenden Heat & Power (CHAP)","ERDF","3734674","N/A","12300000","N/A","N/A","Scotland","Lowlands and Uplands","Second","Fife","Lochgelly","KY5 0BW","56.1461343","-3.2616108","","","","","","","","","","","","","","",""
"P1","The Hydrogen Office Ltd","Hydrogen Office Wind Turbine Procurement","ERDF","574476","N/A","1540976","N/A","N/A","Scotland","Lowlands and Uplands","Second","Fife","Leven","KY8 3RS","56.1884736","-3.0012722","","","","","","","","","","","","","","",""
"P1","Fife Council","Fife Renewable Hub Capital","ERDF","715120","N/A","2965120","N/A","N/A","Scotland","Lowlands and Uplands","Second","Fife","Cowdenbeath","KY4 8AJ","56.0845546","-3.37538","","","","","","","","","","","","","","",""
"P2","Fife Council","Support for Enterprise II","ERDF","155741","N/A","430377","N/A","N/A","Scotland","Lowlands and Uplands","Second","Fife","Cowdenbeath","KY4 8AJ","56.0845546","-3.37538","","","","","","","","","","","","","","",""
"P2","Fife Council","East of Scotland Investment Fund","ERDF","2181000","N/A","6000000","N/A","N/A","Scotland","Lowlands and Uplands","Second","Fife","Cowdenbeath","KY4 8AJ","56.0845546","-3.37538","","","","","","","","","","","","","","",""
"P3","Fife Council","Fife Energy Zone - Methil Low Carbon Investment Park","ERDF","860824","N/A","2684030","N/A","N/A","Scotland","Lowlands and Uplands","Second","Fife","Cowdenbeath","KY4 8AJ","56.0845546","-3.37538","","","","","","","","","","","","","","",""
"P4","Fife Council","East Neuk Creative Industries Hub","ERDF","185732","N/A","464327","N/A","N/A","Scotland","Lowlands and Uplands","Second","Fife","Cowdenbeath","KY4 8AJ","56.0845546","-3.37538","","","","","","","","","","","","","","",""
"P2","Falkirk Council","Business Gateway Plus (Forth Valley)","ERDF","540363","N/A","1350908","N/A","N/A","Scotland","Lowlands and Uplands","Second","Falkirk","Grangemouth","FK3 8LL","56.0018775","-3.7839131","","","","","","","","","","","","","","",""
"P2","The Prince's Scottish Youth Business Trust","Supporting Youth Enterprise in Scotland","ERDF","736517","N/A","2214669","N/A","N/A","Scotland","Lowlands and Uplands","Second","Falkirk","Grangemouth","FK3 8LL","56.0131046","-3.7259512","","","","","","","","","","","","","","",""
"P2","The Prince's Scottish Youth Business Trust","Supporting Youth Enterprise","ERDF","1177970","N/A","2944924","N/A","N/A","Scotland","Lowlands and Uplands","Second","Falkirk","Grangemouth","FK3 8LL","56.0131046","-3.7259512","","","","","","","","","","","","","","",""
"P1","Edinburgh Napier University","National Technology Centre","ERDF","491951","N/A","1118038","N/A","N/A","Scotland","Lowlands and Uplands","Second","Edinburgh","Edinburgh","EH14 1DJ","55.9180109","-3.2395732","","","","","","","","","","","","","","",""
"P1","Edinburgh Napier University","2KT+","ERDF","506137","N/A","1263911","N/A","N/A","Scotland","Lowlands and Uplands","Second","Edinburgh","Edinburgh","EH14 1DJ","55.9180109","-3.2395732","","","","","","","","","","","","","","",""
"P1","Edinburgh Napier University","Butanol Innovation into Business","ERDF","207893","N/A","462086","N/A","N/A","Scotland","Lowlands and Uplands","Second","Edinburgh","Edinburgh","EH14 1DJ","55.9180109","-3.2395732","","","","","","","","","","","","","","",""
"P1","Edinburgh Napier University","TIPD - Technology Innovation and Product Development","ERDF","249085","N/A","626329","N/A","N/A","Scotland","Lowlands and Uplands","Second","Edinburgh","Edinburgh","EH14 1DJ","55.9180109","-3.2395732","","","","","","","","","","","","","","",""
"P1","Edinburgh Napier University","Business & Technology Hub","ERDF","996984","N/A","2225297","N/A","N/A","Scotland","Lowlands and Uplands","Second","Edinburgh","Edinburgh","EH14 1DJ","55.9180109","-3.2395732","","","","","","","","","","","","","","",""
"P1","Edinburgh Napier University","Institute for Wood Products","ERDF","664035","N/A","1475639","N/A","N/A","Scotland","Lowlands and Uplands","Second","Edinburgh","Edinburgh","EH14 1DJ","55.9180109","-3.2395732","","","","","","","","","","","","","","",""
"P1","Edinburgh Napier University","CIAC Revenue","ERDF","766817","N/A","1704420","N/A","N/A","Scotland","Lowlands and Uplands","Second","Edinburgh","Edinburgh","EH14 1DJ","55.9180109","-3.2395732","","","","","","","","","","","","","","",""
"P1","Edinburgh Napier University","National Biofuel Resource Centre","ERDF","581621","N/A","1661776","N/A","N/A","Scotland","Lowlands and Uplands","Second","Edinburgh","Edinburgh","EH14 1DJ","55.9180109","-3.2395732","","","","","","","","","","","","","","",""
"P1","Scottish Enterprise","Supporting Innovation in Lowland and Upland Scotland (Strategic Delivery Body)","ERDF","5903474","N/A","13118832","N/A","N/A","Scotland","Lowlands and Uplands","Second","Edinburgh","Edinburgh","EH12","55.9458993","-3.2191844","","","","","","","","","","","","","","",""
"P1","Scottish Enterprise","Supporting Commercialisation of Research in Lowland and Uplands Scotland","ERDF","13829226","N/A","30716905","N/A","N/A","Scotland","Lowlands and Uplands","Second","Edinburgh","Edinburgh","EH12","55.9458993","-3.2191844","","","","","","","","","","","","","","",""
"P1","Scottish Enterprise","Scottish Stem Cell Network","ERDF","469148","N/A","1104648","N/A","N/A","Scotland","Lowlands and Uplands","Second","Edinburgh","Edinburgh","EH12","55.9458993","-3.2191844","","","","","","","","","","","","","","",""
"P1","Scottish Further & Higher Education Funding Council","Single Knowledge exchange Organisation (SKEO)","ERDF","123334","N/A","308335","N/A","N/A","Scotland","Lowlands and Uplands","First","Edinburgh","Edinburgh","EH12 5DR","55.9463378","-3.2174431","","","","","","","","","","","","","","",""
"P1","Scottish Further & Higher Education Funding Council","Interface Phase 2","ERDF","1197905","N/A","3428405","N/A","N/A","Scotland","Lowlands and Uplands","First","Edinburgh","Edinburgh","EH12 5DR","55.9463378","-3.2174431","","","","","","","","","","","","","","",""
"P1","The Scottish Government","SCOTTISH EUROPEAN GREEN ENERGY CENTRE 2","ERDF","1303141","N/A","2895869","N/A","N/A","Scotland","Lowlands and Uplands","Second","Edinburgh","Edinburgh","EH1 3DG","55.9537024","-3.1827618","","","","","","","","","","","","","","",""
"P1","University of Edinburgh","Smart City and Sustainable Island Accelerator (SCSIA)","ERDF","480000","N/A","1200000","N/A","N/A","Scotland","Lowlands and Uplands","Second","Edinburgh","Edinburgh","EH8 9YL","55.9474379","-3.1872627","","","","","","","","","","","","","","",""
"P1","University of Edinburgh","Prospekt","ERDF","2403863","N/A","5866295","N/A","N/A","Scotland","Lowlands and Uplands","Second","Edinburgh","Edinburgh","EH8 9YL","55.9474379","-3.1872627","","","","","","","","","","","","","","",""
"P1","University of Edinburgh","Ark Genomics Service Key Equipment","ERDF","185736","N/A","535736","N/A","N/A","Scotland","Lowlands and Uplands","Second","Edinburgh","Edinburgh","EH8 9YL","55.9474379","-3.1872627","","","","","","","","","","","","","","",""
"P1","University of Edinburgh","Clinical Research Imaging Centre","ERDF","1500000","N/A","16608000","N/A","N/A","Scotland","Lowlands and Uplands","Second","Edinburgh","Edinburgh","EH8 9YL","55.9474379","-3.1872627","","","","","","","","","","","","","","",""
"P1","University of Edinburgh","Ark Genomics SME Service","ERDF","758499","N/A","2406113","N/A","N/A","Scotland","Lowlands and Uplands","Second","Edinburgh","Edinburgh","EH8 9YL","55.9474379","-3.1872627","","","","","","","","","","","","","","",""
"P1","University of Edinburgh","Edinburgh Climate Change Centre (ECCC)","ERDF","613872","N/A","1364161","N/A","N/A","Scotland","Lowlands and Uplands","Second","Edinburgh","Edinburgh","EH8 9YL","55.9474379","-3.1872627","","","","","","","","","","","","","","",""
"P1","University of Edinburgh","Scottish Centre for Regenerative Medicine","ERDF","5304000","N/A","14223653","N/A","N/A","Scotland","Lowlands and Uplands","Second","Edinburgh","Edinburgh","EH8 9YL","55.9474379","-3.1872627","","","","","","","","","","","","","","",""
"P1","University of Edinburgh","RENEW-NET Phase 2","ERDF","322097","N/A","920277","N/A","N/A","Scotland","Lowlands and Uplands","Second","Edinburgh","Edinburgh","EH8 9YL","55.9474379","-3.1872627","","","","","","","","","","","","","","",""
"P1","University of Edinburgh","Edinburgh Centre on Climate Change","ERDF","1624000","N/A","7875000","N/A","N/A","Scotland","Lowlands and Uplands","Second","Edinburgh","Edinburgh","EH8 9YL","55.9474379","-3.1872627","","","","","","","","","","","","","","",""
"P2","City of Edinburgh Council","Interspace Edinburgh: Connecting Business Incubators 1","ERDF","158855","N/A","397138","N/A","N/A","Scotland","Lowlands and Uplands","Second","Edinburgh","Edinburgh","EH8 8BG","55.9516758","-3.1834373","","","","","","","","","","","","","","",""
"P2","Edinburgh Business Development","Edinburgh Incubator Programme","ERDF","433272","N/A","1083179","N/A","N/A","Scotland","Lowlands and Uplands","Second","Edinburgh","Edinburgh","EH7","55.9615278","-3.1810872","","","","","","","","","","","","","","",""
"P2","Edinburgh Business Development","Scottish Ethnic Minority Enterprise Trust","ERDF","125313","N/A","313283","N/A","N/A","Scotland","Lowlands and Uplands","Second","Edinburgh","Edinburgh","EH7","55.9615278","-3.1810872","","","","","","","","","","","","","","",""
"P2","Forestry Commission Scotland","Scottish Biomass Heat Scheme for Business","ERDF","328907","N/A","1528907","N/A","N/A","Scotland","Lowlands and Uplands","Second","Edinburgh","Edinburgh","EH12 7AT","55.9414053","-3.270966","","","","","","","","","","","","","","",""
"P2","Scottish Enterprise","SME Integrated Business Improvement Initiative","ERDF","3290800","N/A","8227000","N/A","N/A","Scotland","Lowlands and Uplands","Second","Edinburgh","Edinburgh","EH12","55.9458993","-3.2191844","","","","","","","","","","","","","","",""
"P2","Scottish Enterprise","Scottish Co-investment Fund II","ERDF","26666667","N/A","66666667","N/A","N/A","Scotland","Lowlands and Uplands","Second","Edinburgh","Edinburgh","EH12","55.9458993","-3.2191844","","","","","","","","","","","","","","",""
"P2","Scottish Enterprise","Investor Readiness Support (IRS)","ERDF","752000","N/A","1880000","N/A","N/A","Scotland","Lowlands and Uplands","Second","Edinburgh","Edinburgh","EH12","55.9458993","-3.2191844","","","","","","","","","","","","","","",""
"P2","Scottish Enterprise","Business Efficiency","ERDF","5249532","N/A","13123830","N/A","N/A","Scotland","Lowlands and Uplands","Second","Edinburgh","Edinburgh","EH12","55.9458993","-3.2191844","","","","","","","","","","","","","","",""
"P2","Scottish Enterprise","Scottish Venture Fund","ERDF","20000000","N/A","50000000","N/A","N/A","Scotland","Lowlands and Uplands","Second","Edinburgh","Edinburgh","EH12","55.9458993","-3.2191844","","","","","","","","","","","","","","",""
"P2","Scottish Enterprise","Support for Young Innovative Enterprises (YIE)","ERDF","1969049","N/A","4922624","N/A","N/A","Scotland","Lowlands and Uplands","Second","Edinburgh","Edinburgh","EH12","55.9458993","-3.2191844","","","","","","","","","","","","","","",""
"P2","Scottish Enterprise","Advanced Entrepreneurial & Pre Incubation Support","ERDF","312591","N/A","822122","N/A","N/A","Scotland","Lowlands and Uplands","Second","Edinburgh","Edinburgh","EH12","55.9458993","-3.2191844","","","","","","","","","","","","","","",""
"P2","Scottish Enterprise","Scottish Investment Bank Loan Funds","ERDF","20000000","N/A","50000000","N/A","N/A","Scotland","Lowlands and Uplands","Second","Edinburgh","Edinburgh","EH12","55.9458993","-3.2191844","","","","","","","","","","","","","","",""
"P2","Scottish Enterprise","Offshore Wind Supply Chain Development Programme","ERDF","582000","N/A","1455000","N/A","N/A","Scotland","Lowlands and Uplands","Second","Edinburgh","Edinburgh","EH12","55.9458993","-3.2191844","","","","","","","","","","","","","","",""
"P3","City of Edinburgh Council","Edinburgh Partnership Competitive Communities ERDF pilot programme","ERDF","760399","N/A","1915912","N/A","N/A","Scotland","Lowlands and Uplands","Second","Edinburgh","Edinburgh","EH8 8BG","55.9516758","-3.1834373","","","","","","","","","","","","","","",""
"P3","Scottish Enterprise","Creative Sector Incubator Unit","ERDF","300000","N/A","800000","N/A","N/A","Scotland","Lowlands and Uplands","Second","Edinburgh","Edinburgh","EH12","55.9458993","-3.2191844","","","","","","","","","","","","","","",""
"P3","SEStran","SEStran Regional RTPI System - West Lothian","ERDF","346667","N/A","866667","N/A","N/A","Scotland","Lowlands and Uplands","Second","Edinburgh","Edinburgh","EH6 6QQ","55.9783564","-3.1734198","","","","","","","","","","","","","","",""
"P3","The Scottish Government","JESSICA Scotland - Holding Fund","ERDF","24000000","N/A","50000000","N/A","N/A","Scotland","Lowlands and Uplands","Second","Edinburgh","Edinburgh","EH1 3DG","55.9537024","-3.1827618","","","","","","","","","","","","","","",""
"P4","Forestry Commission Scotland","Regional Biomass Advice Network (Rural Development)","ERDF","254694","N/A","636736","N/A","N/A","Scotland","Lowlands and Uplands","Second","Edinburgh","Edinburgh","EH12 7AT","55.9414053","-3.270966","","","","","","","","","","","","","","",""
"P4","SEStran","Regional Real Time Bus Passenger Information System (Rural)","ERDF","410000","N/A","1025420","N/A","N/A","Scotland","Lowlands and Uplands","Second","Edinburgh","Edinburgh","EH6 6QQ","55.9783564","-3.1734198","","","","","","","","","","","","","","",""
"P4","SEStran","Regional RTPI System - Fife (Rural)","ERDF","267275","N/A","668186","N/A","N/A","Scotland","Lowlands and Uplands","Second","Edinburgh","Edinburgh","EH6 6QQ","55.9783564","-3.1734198","","","","","","","","","","","","","","",""
"P4","Scottish Enterprise","Gretna, Lockerbie, Annan (GLA) - Business Space Provision","ERDF","736010","N/A","1840026","N/A","N/A","Scotland","Lowlands and Uplands","Second","Edinburgh","Edinburgh","EH12","55.9458993","-3.2191844","","","","","","","","","","","","","","",""
"P4","Scottish Enterprise","RURAL Business Property Support (South)","ERDF","200000","N/A","500000","N/A","N/A","Scotland","Lowlands and Uplands","Second","Edinburgh","Edinburgh","EH12","55.9458993","-3.2191844","","","","","","","","","","","","","","",""
"P4","Scottish Enterprise","GLA Regional Industry Park, Annan","ERDF","568786","N/A","1421964","N/A","N/A","Scotland","Lowlands and Uplands","Second","Edinburgh","Edinburgh","EH12","55.9458993","-3.2191844","","","","","","","","","","","","","","",""
"P4","Scottish Historic Buildings Trust","Greenlaw Town Hall - Office development","ERDF","474629","N/A","1186573","N/A","N/A","Scotland","Lowlands and Uplands","Second","Edinburgh","Edinburgh","EH1 2PG","55.949128","-3.1936917","","","","","","","","","","","","","","",""
"P4","SEStran","Regional RTPI System - Borders (SESTran/SWEStran)","ERDF","99800","N/A","249500","N/A","N/A","Scotland","Lowlands and Uplands","Second","Edinburgh","Edinburgh","EH6 6QQ","55.9783564","-3.1734198","","","","","","","","","","","","","","",""
"P4","SEStran","Regional Real Time Bus Passenger Information System - Borders","ERDF","199719","N/A","512100","N/A","N/A","Scotland","Lowlands and Uplands","Second","Edinburgh","Edinburgh","EH6 6QQ","55.9783564","-3.1734198","","","","","","","","","","","","","","",""
"P1","Heriot-Watt University","DeRisking the Renewable Energy Supply Chain","ERDF","256494","N/A","641235","N/A","N/A","Scotland","Lowlands and Uplands","Second","Edinburgh","Currie","EH14 4AS","55.909403","-3.3206991","","","","","","","","","","","","","","",""
"P1","Heriot-Watt University","HWUKT Project 1","ERDF","2923380","N/A","6500565","N/A","N/A","Scotland","Lowlands and Uplands","Second","Edinburgh","Currie","EH14 4AS","55.909403","-3.3206991","","","","","","","","","","","","","","",""
"P2","East Dunbartonshire Council","Fit for Growth Programme","ERDF","471569","N/A","1347317","N/A","N/A","Scotland","Lowlands and Uplands","Third","East Dunbartonshire","Glasgow","G66 1XQ","55.9342411","-4.1594858","","","","","","","","","","","","","","",""
"P3","East Ayrshire Council","East Ayrshire CPP - Improving Opportunities ERDF","ERDF","435577","N/A","1088943","N/A","N/A","Scotland","Lowlands and Uplands","Third","East Ayrshire","Galston","KA4 8AA","55.6006357","-4.3836242","","","","","","","","","","","","","","",""
"P3","East Ayrshire Council","Make It Kilmarnock - Moorfield","ERDF","2244000","N/A","5444000","N/A","N/A","Scotland","Lowlands and Uplands","Third","East Ayrshire","Galston","KA4 8AA","55.6006357","-4.3836242","","","","","","","","","","","","","","",""
"P3","East Ayrshire Council","East Ayrshire Works Job Brokerage","ERDF","301968","N/A","754920","N/A","N/A","Scotland","Lowlands and Uplands","Third","East Ayrshire","Galston","KA4 8AA","55.6006357","-4.3836242","","","","","","","","","","","","","","",""
"P1","University of Abertay Dundee","LoCal-Net","ERDF","345661","N/A","987604","N/A","N/A","Scotland","Lowlands and Uplands","Second","Dundee City","Dundee","DD1","56.4631689","-2.9735506","","","","","","","","","","","","","","",""
"P1","University of Dundee","Marine Renewables Test Centre for Materials and Foundations","ERDF","833333","N/A","2083333","N/A","N/A","Scotland","Lowlands and Uplands","Second","Dundee City","Dundee","DD1","56.4581336","-2.9741767","","","","","","","","","","","","","","",""
"P1","University of Dundee","Offshore Renewables Institute","ERDF","164000","N/A","410400","N/A","N/A","Scotland","Lowlands and Uplands","Second","Dundee City","Dundee","DD1","56.4581336","-2.9741767","","","","","","","","","","","","","","",""
"P1","University of Dundee","Scottish Construction Centre","ERDF","705345","N/A","1724395","N/A","N/A","Scotland","Lowlands and Uplands","Second","Dundee City","Dundee","DD1","56.4581336","-2.9741767","","","","","","","","","","","","","","",""
"P1","University of Dundee","The Bioportal","ERDF","774839","N/A","1777339","N/A","N/A","Scotland","Lowlands and Uplands","Second","Dundee City","Dundee","DD1","56.4581336","-2.9741767","","","","","","","","","","","","","","",""
"P1","University of Dundee","Photonic Ultrasonic Pre-clinical MRI Intervention Centre-CAP","ERDF","780000","N/A","1733280","N/A","N/A","Scotland","Lowlands and Uplands","Second","Dundee City","Dundee","DD1","56.4581336","-2.9741767","","","","","","","","","","","","","","",""
"P1","University of Dundee","Innovation Pipeline for Translational Science","ERDF","2100000","N/A","4709257","N/A","N/A","Scotland","Lowlands and Uplands","Second","Dundee City","Dundee","DD1","56.4581336","-2.9741767","","","","","","","","","","","","","","",""
"P2","Dundee City Council","Enterprising Tayside Plus","ERDF","225000","N/A","562500","N/A","N/A","Scotland","Lowlands and Uplands","Second","Dundee City","Dundee","DD3 8PL","56.4781105","-2.9854336","","","","","","","","","","","","","","",""
"P2","Dundee City Council","Enterprising Tayside","ERDF","270374","N/A","977263","N/A","N/A","Scotland","Lowlands and Uplands","Second","Dundee City","Dundee","DD3 8PL","56.4781105","-2.9854336","","","","","","","","","","","","","","",""
"P2","Dundee College","Enterprise@DC","ERDF","657388","N/A","1643470","N/A","N/A","Scotland","Lowlands and Uplands","Second","Dundee City","Dundee","DD3","56.4803795","-2.9761328","","","","","","","","","","","","","","",""
"P2","University of Abertay Dundee","Industrial EcoPark","ERDF","449972","N/A","1128501","N/A","N/A","Scotland","Lowlands and Uplands","Second","Dundee City","Dundee","DD1","56.4631689","-2.9735506","","","","","","","","","","","","","","",""
"P2","University of Abertay Dundee","Platform Alpha 2010","ERDF","816244","N/A","2040609","N/A","N/A","Scotland","Lowlands and Uplands","Second","Dundee City","Dundee","DD1","56.4631689","-2.9735506","","","","","","","","","","","","","","",""
"P3","Dundee City Council","Lochee Integrated Transport Hub","ERDF","180000","N/A","450000","N/A","N/A","Scotland","Lowlands and Uplands","Second","Dundee City","Dundee","DD3 8PL","56.4781105","-2.9854336","","","","","","","","","","","","","","",""
"P3","Dundee City Council","Dundee European Programme","ERDF","630256","N/A","1713200","N/A","N/A","Scotland","Lowlands and Uplands","Second","Dundee City","Dundee","DD3 8PL","56.4781105","-2.9854336","","","","","","","","","","","","","","",""
"P3","Dundee City Council","Dundee Integrated Transport Hub","ERDF","2044500","N/A","5841450","N/A","N/A","Scotland","Lowlands and Uplands","Second","Dundee City","Dundee","DD3 8PL","56.4781105","-2.9854336","","","","","","","","","","","","","","",""
"P3","Dundee City Council","Dundee European Programme ERDF Job Brokerage","ERDF","146298","N/A","365993","N/A","N/A","Scotland","Lowlands and Uplands","Second","Dundee City","Dundee","DD3 8PL","56.4781105","-2.9854336","","","","","","","","","","","","","","",""
"P3","Dundee College","Incubation@D&A","ERDF","645417","N/A","1613542","N/A","N/A","Scotland","Lowlands and Uplands","Second","Dundee City","Dundee","DD3","56.4803795","-2.9761328","","","","","","","","","","","","","","",""
"P3","Dundee College","Dundee Renewables Training Tower","ERDF","817928","N/A","2044821","N/A","N/A","Scotland","Lowlands and Uplands","Second","Dundee City","Dundee","DD3","56.4803795","-2.9761328","","","","","","","","","","","","","","",""
"P2","Dumfries and Galloway Council","South of Scotland Business Competitiveness Project","ERDF","643697","N/A","1609242","N/A","N/A","Scotland","Lowlands and Uplands","Second","Dumfries and Galloway","Dumfries","DG1","55.0706286","-3.604998","","","","","","","","","","","","","","",""
"P2","Dumfries and Galloway Council","Business Gateway Plus – Dumfries and Galloway","ERDF","195883","N/A","489708","N/A","N/A","Scotland","Lowlands and Uplands","Second","Dumfries and Galloway","Dumfries","DG1","55.0706286","-3.604998","","","","","","","","","","","","","","",""
"P4","Dumfries and Galloway Council","South of Scotland Creative Clusters Project","ERDF","206167","N/A","523662","N/A","N/A","Scotland","Lowlands and Uplands","Second","Dumfries and Galloway","Dumfries","DG1","55.0706286","-3.604998","","","","","","","","","","","","","","",""
"P2","Crichton Carbon Centre","ESPI - Environmentally Sustainable Process Improvement","ERDF","240648","N/A","600648","N/A","N/A","Scotland","Lowlands and Uplands","Second","Dumfries and Galloway","Dumfries","DG1","55.0333484","-3.559174","","","","","","","","","","","","","","",""
"P4","Barony College","Barony Business Development Centre","ERDF","471008","N/A","1177520","N/A","N/A","Scotland","Lowlands and Uplands","Second","Dumfries and Galloway","Dumfries","DG1 3NE","55.1675008","-3.5304952","","","","","","","","","","","","","","",""
"P4","Dumfries and Galloway College","South of Scotland Knowledge Transfer Hub","ERDF","450816","N/A","1127040","N/A","N/A","Scotland","Lowlands and Uplands","Second","Dumfries and Galloway","Dumfries","DG1","55.0333484","-3.559174","","","","","","","","","","","","","","",""
"P4","Dumfries and Galloway College","Transform - South of Scotland e-hub","ERDF","483547","N/A","1208869","N/A","N/A","Scotland","Lowlands and Uplands","Second","Dumfries and Galloway","Dumfries","DG1","55.0333484","-3.559174","","","","","","","","","","","","","","",""
"P4","Stonehouse Development Trust","Key Shared Service Rural Resource Centre","ERDF","465999","N/A","1165999","N/A","N/A","Scotland","Lowlands and Uplands","Second","Dorset","Lyme Regis","DT7 3QR","50.7249947","-2.934792","","","","","","","","","","","","","","",""
"P3","Clackmannanshire Council","OPTIONS - Clackmannanshire Community Planning Partnership","ERDF","110075","N/A","275187","N/A","N/A","Scotland","Lowlands and Uplands","Third","Clackmannanshire","Alloa","FK10 1EB","56.113117","-3.7919727","","","","","","","","","","","","","","",""
"P3","Clackmannanshire Council","Clackmannanshire Works 2011 ERDF","ERDF","318317","N/A","795792","N/A","N/A","Scotland","Lowlands and Uplands","Third","Clackmannanshire","Alloa","FK10 1EB","56.113117","-3.7919727","","","","","","","","","","","","","","",""
"P2","Stirling Enterprise Park / Ceteris","IT and E-commerce Business Strategy Programme","ERDF","771572","N/A","1932154","N/A","N/A","Scotland","Lowlands and Uplands","Second","Clackmannanshire","Menstrie","FK11 7BU","56.1498231","-3.8564395","","","","","","","","","","","","","","",""
"P2","Jobs & Business Glasgow","Social Economy","ERDF","1049775","N/A","2999358","N/A","N/A","Scotland","Lowlands and Uplands","Third","Glasgow City","Glasgow","G53 7BN","55.8133344","-4.3626042","","","","","","","","","","","","","","",""
"P2","Jobs & Business Glasgow","Enterprise Development in Glasgow's Communities","ERDF","841338","N/A","2403824","N/A","N/A","Scotland","Lowlands and Uplands","Third","Glasgow City","Glasgow","G53 7BN","55.8133344","-4.3626042","","","","","","","","","","","","","","",""
"P3","Jobs & Business Glasgow","South West Glasgow Employability Centre Cluster","ERDF","88672","N/A","221680","N/A","N/A","Scotland","Lowlands and Uplands","Third","Glasgow City","Glasgow","G53 7BN","55.8133344","-4.3626042","","","","","","","","","","","","","","",""
"P3","Jobs & Business Glasgow","Saracen Exchange","ERDF","908520","N/A","2534754","N/A","N/A","Scotland","Lowlands and Uplands","Third","Glasgow City","Glasgow","G53 7BN","55.8133344","-4.3626042","","","","","","","","","","","","","","",""
"P4","Angus Council","Rural Tourism Business Support","ERDF","816979","N/A","2042447","N/A","N/A","Scotland","Lowlands and Uplands","Second","Angus","Forfar","DD8 1BX","56.6439447","-2.8908916","","","","","","","","","","","","","","",""
"P4","Aberdeenshire Council","Aberdeenshire Real Time Passenger Information (RTPI) System","ERDF","191879","N/A","491879","N/A","N/A","Scotland","Lowlands and Uplands","Second","Aberdeenshire","Inverurie","AB51","57.2840705","-2.3918716","","","","","","","","","","","","","","",""
"P1","Aberdeen City Council","Aberdeen City Hydrogen Energy Storage","ERDF","757631","N/A","1894131","N/A","N/A","Scotland","Lowlands and Uplands","Second","Aberdeen City","Aberdeen","AB10","57.1482004","-2.0960954","","","","","","","","","","","","","","",""
"P1","The Robert Gordon University","Innovation and Design Management","ERDF","330990","N/A","735866","N/A","N/A","Scotland","Lowlands and Uplands","Second","Aberdeen City","Aberdeen","AB10","57.1200538","-2.1364951","","","","","","","","","","","","","","",""
"P1","The Robert Gordon University","Developing the ICT Business Base","ERDF","256304","N/A","572935","N/A","N/A","Scotland","Lowlands and Uplands","Second","Aberdeen City","Aberdeen","AB10","57.1200538","-2.1364951","","","","","","","","","","","","","","",""
